alert_type,project_id,client,region,alert_date,deployment_status,overrun_pct,overrun_usd,projected_overrun_usd,health_score
CRITICAL,AMR-002,Coca-Cola - Atlanta Warehouse,NORTH AMERICA,2024-02-01,Planning,20.48,748.03,115460.07,50.0
CRITICAL,AMR-003,DHL - Singapore Hub,APAC,2024-03-11,Planning,12.81,1279.64,109369.0,50.0
CRITICAL,AMR-004,Bosch - Stuttgart Plant,EMEA,2024-01-20,Planning,23.97,1020.96,99810.4,50.0
CRITICAL,AMR-007,Foxconn - Shenzhen Assembly,APAC,2024-05-01,Planning,12.27,708.22,168525.85,50.0
WARNING,AMR-001,Ford Motor - Michigan Facility,NORTH AMERICA,2024-01-17,Planning,6.74,843.17,52065.22,66.3
WARNING,AMR-002,Coca-Cola - Atlanta Warehouse,NORTH AMERICA,2024-02-05,Planning,7.94,1501.29,53127.52,54.3
WARNING,AMR-003,DHL - Singapore Hub,APAC,2024-03-13,Planning,7.45,1487.6,54363.89,62.8
WARNING,AMR-004,Bosch - Stuttgart Plant,EMEA,2024-01-21,Planning,8.09,714.32,23873.5,59.6
WARNING,AMR-007,Foxconn - Shenzhen Assembly,APAC,2024-05-05,Planning,5.3,1540.95,80062.43,73.5
